timestamp,action,task_id,task_name,user,params_summary,result
2026-03-03T11:27:33.641Z,legion_init,,,Claude,workingDirectory: /Users/c1/Work/legion-mind,success
2026-03-03T11:27:40.732Z,legion_create_task,,,Claude,goal: 产出一份可直接用于 PR 的 LegionMind 使用说明与交付文档，并完成端到端流程产物。,failed
2026-03-03T11:27:51.574Z,legion_propose_task,,,Claude,name: 编写 LegionMind 使用说明文档,success
2026-03-03T11:27:53.837Z,legion_approve_proposal,legionmind,编写 LegionMind 使用说明文档,Claude,proposalId: proposal-mmaixc0k-64ce93,success
2026-03-03T11:27:57.684Z,legion_get_status,legionmind,编写 LegionMind 使用说明文档,Claude,,success
2026-03-03T11:29:16.772Z,legion_update_context,legionmind,编写 LegionMind 使用说明文档,Claude,addDecision: 本任务按 Low Risk + 非 Epic 执行，不生成 RFC,success
2026-03-03T11:29:20.005Z,legion_update_tasks,legionmind,编写 LegionMind 使用说明文档,Claude,completeTask: phase 1,success
2026-03-03T11:29:33.030Z,legion_update_tasks,legionmind,编写 LegionMind 使用说明文档,Claude,setCurrentTask: phase 2,success
2026-03-03T11:35:04.684Z,legion_get_status,legionmind,编写 LegionMind 使用说明文档,Claude,,success
2026-03-03T11:35:07.387Z,legion_read_context,legionmind,编写 LegionMind 使用说明文档,Claude,section: files,success
2026-03-03T11:41:03.152Z,legion_update_context,legionmind,编写 LegionMind 使用说明文档,Claude,addDecision: 交付物按模式拆分：实现模式与 Heavy 设计模式分别定义必需文档,success
2026-03-03T11:41:09.677Z,legion_update_context,legionmind,编写 LegionMind 使用说明文档,Claude,addFile: docs/report-walkthrough.md,success
2026-03-03T11:41:09.677Z,legion_update_context,legionmind,编写 LegionMind 使用说明文档,Claude,addFile: docs/review-code.md,success
2026-03-03T11:41:09.678Z,legion_update_context,legionmind,编写 LegionMind 使用说明文档,Claude,addFile: docs/test-report.md,success
2026-03-03T11:41:09.678Z,legion_update_context,legionmind,编写 LegionMind 使用说明文档,Claude,addFile: docs/legionmind-usage.md,success
2026-03-03T11:41:09.678Z,legion_update_context,legionmind,编写 LegionMind 使用说明文档,Claude,addFile: docs/pr-body.md,success
2026-03-03T11:41:58.343Z,legion_get_status,legionmind,编写 LegionMind 使用说明文档,Claude,,success
2026-03-03T11:59:47.447Z,legion_update_context,legionmind,编写 LegionMind 使用说明文档,Claude,addDecision: 根目录 docs 仅放长期文档；任务过程产物默认写入 <taskRoot>/docs,success
2026-03-03T11:59:51.852Z,legion_update_plan,legionmind,编写 LegionMind 使用说明文档,Claude,,success
2026-03-03T12:02:04.445Z,legion_update_context,legionmind,编写 LegionMind 使用说明文档,Claude,addFile: docs/legionmind-usage.md,success
2026-03-03T12:02:04.450Z,legion_update_context,legionmind,编写 LegionMind 使用说明文档,Claude,addFile: .legion/tasks/legionmind/docs/pr-body.md,success
2026-03-03T12:02:04.450Z,legion_update_context,legionmind,编写 LegionMind 使用说明文档,Claude,addFile: .opencode/commands/legion.md,success
2026-03-03T12:02:04.451Z,legion_update_context,legionmind,编写 LegionMind 使用说明文档,Claude,addFile: skills/legionmind/references/REF_AUTOPILOT.md,success
2026-03-03T12:02:38.256Z,legion_get_status,legionmind,编写 LegionMind 使用说明文档,Claude,,success
2026-03-04T09:04:43.608Z,legion_get_status,legionmind,编写 LegionMind 使用说明文档,Claude,,success
2026-03-04T09:05:06.707Z,legion_create_task,legionmind,编写 LegionMind 使用说明文档,Claude,goal: 完成可行性研究并在可行时实现一键安装与开箱即用流程，产出可直接用于 PR 的文档与脚本。,failed
2026-03-04T09:05:14.484Z,legion_propose_task,legionmind,编写 LegionMind 使用说明文档,Claude,name: 将 legion-mind 打包为可一键安装的 OpenCode Plugin,success
2026-03-04T09:05:19.760Z,legion_approve_proposal,legion-mind-opencode-plugin,将 legion-mind 打包为可一键安装的 OpenCode Plugin,Claude,proposalId: proposal-mmbt9rzl-2ff633,success
2026-03-04T09:05:22.960Z,legion_get_status,legion-mind-opencode-plugin,将 legion-mind 打包为可一键安装的 OpenCode Plugin,Claude,,success
2026-03-04T09:08:43.333Z,legion_update_context,legion-mind-opencode-plugin,将 legion-mind 打包为可一键安装的 OpenCode Plugin,Claude,,success
2026-03-04T09:10:40.689Z,legion_update_tasks,legion-mind-opencode-plugin,将 legion-mind 打包为可一键安装的 OpenCode Plugin,Claude,completeTask: phase 1,success
2026-03-04T09:10:56.137Z,legion_update_context,legion-mind-opencode-plugin,将 legion-mind 打包为可一键安装的 OpenCode Plugin,Claude,addDecision: 采用“Profile 安装器 + 轻量 Plugin”而非纯 Plugin 化,success
2026-03-04T09:20:24.289Z,legion_update_context,legion-mind-opencode-plugin,将 legion-mind 打包为可一键安装的 OpenCode Plugin,Claude,addDecision: 本任务按 Medium 风险执行，必须先 RFC + review-rfc PASS 再编码,success
2026-03-04T13:29:09.336Z,legion_update_context,legion-mind-opencode-plugin,将 legion-mind 打包为可一键安装的 OpenCode Plugin,Claude,addDecision: 将 rollback/uninstall 的状态读取改为受管路径白名单校验并绑定 backupPath 规则,success
2026-03-04T13:29:13.718Z,legion_update_context,legion-mind-opencode-plugin,将 legion-mind 打包为可一键安装的 OpenCode Plugin,Claude,addFile: scripts/setup-opencode.ts,success
2026-03-04T13:29:21.703Z,legion_update_context,legion-mind-opencode-plugin,将 legion-mind 打包为可一键安装的 OpenCode Plugin,Claude,addFile: package.json,success
2026-03-04T13:29:25.201Z,legion_update_context,legion-mind-opencode-plugin,将 legion-mind 打包为可一键安装的 OpenCode Plugin,Claude,addFile: README.md,success
2026-03-04T13:29:30.718Z,legion_update_context,legion-mind-opencode-plugin,将 legion-mind 打包为可一键安装的 OpenCode Plugin,Claude,addFile: .legion/tasks/legion-mind-opencode-plugin/docs/test-report.md,success
2026-03-04T13:29:33.952Z,legion_update_context,legion-mind-opencode-plugin,将 legion-mind 打包为可一键安装的 OpenCode Plugin,Claude,addFile: .legion/tasks/legion-mind-opencode-plugin/docs/review-code.md,success
2026-03-04T13:29:42.803Z,legion_update_context,legion-mind-opencode-plugin,将 legion-mind 打包为可一键安装的 OpenCode Plugin,Claude,addFile: .legion/tasks/legion-mind-opencode-plugin/docs/review-security.md,success
2026-03-04T13:29:45.807Z,legion_update_context,legion-mind-opencode-plugin,将 legion-mind 打包为可一键安装的 OpenCode Plugin,Claude,addFile: .legion/tasks/legion-mind-opencode-plugin/docs/pr-body.md,success
2026-03-04T13:29:49.597Z,legion_get_status,legion-mind-opencode-plugin,将 legion-mind 打包为可一键安装的 OpenCode Plugin,Claude,,success
2026-03-05T06:23:16.610Z,legion_get_status,legion-mind-opencode-plugin,将 legion-mind 打包为可一键安装的 OpenCode Plugin,Claude,,success
2026-03-05T06:23:23.899Z,legion_list_tasks,legion-mind-opencode-plugin,将 legion-mind 打包为可一键安装的 OpenCode Plugin,Claude,,success
2026-03-05T06:24:47.471Z,legion_create_task,legion-mind-opencode-plugin,将 legion-mind 打包为可一键安装的 OpenCode Plugin,Claude,goal: 基于 Harbor + OpenCode 设计并落地可一键启动的 benchmark 流程，用于衡量 legion-mind 对真实解题能力的提升。,failed
2026-03-05T06:24:55.515Z,legion_propose_task,legion-mind-opencode-plugin,将 legion-mind 打包为可一键安装的 OpenCode Plugin,Claude,name: 设计并实现一键启动的 Harbor Benchmark 基线,success
2026-03-05T06:24:59.695Z,legion_approve_proposal,harbor-benchmark,设计并实现一键启动的 Harbor Benchmark 基线,Claude,proposalId: proposal-mmd2zglw-ff1c29,success
2026-03-05T06:25:02.402Z,legion_get_status,harbor-benchmark,设计并实现一键启动的 Harbor Benchmark 基线,Claude,,success
2026-03-05T06:25:47.626Z,legion_update_tasks,harbor-benchmark,设计并实现一键启动的 Harbor Benchmark 基线,Claude,setCurrentTask: phase 1,success
2026-03-05T06:25:47.626Z,legion_update_context,harbor-benchmark,设计并实现一键启动的 Harbor Benchmark 基线,Claude,progress.completed: 完成 task-brief，明确问题定义、验收、假设、风险与验证计划,success
2026-03-05T06:25:47.626Z,legion_update_tasks,harbor-benchmark,设计并实现一键启动的 Harbor Benchmark 基线,Claude,completeTask: phase 1,success
2026-03-05T06:25:47.626Z,legion_update_context,harbor-benchmark,设计并实现一键启动的 Harbor Benchmark 基线,Claude,addDecision: 本任务分级为 Medium（非 Epic/High），执行 standard RFC + review-rfc 后再实现,success
2026-03-05T06:25:58.670Z,legion_update_tasks,harbor-benchmark,设计并实现一键启动的 Harbor Benchmark 基线,Claude,completeTask: 完成 task-brief 与风险分级（含标签判断）,success
2026-03-05T06:26:02.508Z,legion_update_tasks,harbor-benchmark,设计并实现一键启动的 Harbor Benchmark 基线,Claude,setCurrentTask: 生成 RFC 并完成 review-rfc 收敛,success
2026-03-05T06:30:31.264Z,legion_update_tasks,harbor-benchmark,设计并实现一键启动的 Harbor Benchmark 基线,Claude,completeTask: 生成 RFC 并完成 review-rfc 收敛,success
2026-03-05T06:30:31.268Z,legion_update_tasks,harbor-benchmark,设计并实现一键启动的 Harbor Benchmark 基线,Claude,setCurrentTask: 实现一键 benchmark 启动脚本与配置模板,success
2026-03-05T06:30:31.273Z,legion_update_context,harbor-benchmark,设计并实现一键启动的 Harbor Benchmark 基线,Claude,"progress.completed: 完成 task-brief 与标签判定（Risk=Medium, Epic=No）",success
2026-03-05T06:30:31.274Z,legion_update_context,harbor-benchmark,设计并实现一键启动的 Harbor Benchmark 基线,Claude,addDecision: 采用 Harbor baseline v1 固定命令映射与 profileId/sampleSetId 契约,success
2026-03-05T06:37:18.286Z,legion_update_tasks,harbor-benchmark,设计并实现一键启动的 Harbor Benchmark 基线,Claude,completeTask: 补充长期文档与仓库入口,success
2026-03-05T06:37:18.286Z,legion_update_tasks,harbor-benchmark,设计并实现一键启动的 Harbor Benchmark 基线,Claude,completeTask: 实现一键 benchmark 启动脚本与配置模板,success
2026-03-05T06:37:18.286Z,legion_update_tasks,harbor-benchmark,设计并实现一键启动的 Harbor Benchmark 基线,Claude,setCurrentTask: 执行测试并生成测试报告,success
2026-03-05T06:37:18.286Z,legion_update_context,harbor-benchmark,设计并实现一键启动的 Harbor Benchmark 基线,Claude,progress.completed: 实现 scripts/benchmark preflight/run/score 与共享工具模块,success
2026-03-05T06:37:18.290Z,legion_update_context,harbor-benchmark,设计并实现一键启动的 Harbor Benchmark 基线,Claude,addFile: scripts/benchmark/run.ts,success
2026-03-05T06:37:18.290Z,legion_update_context,harbor-benchmark,设计并实现一键启动的 Harbor Benchmark 基线,Claude,addFile: scripts/benchmark/preflight.ts,success
2026-03-05T06:37:18.299Z,legion_update_context,harbor-benchmark,设计并实现一键启动的 Harbor Benchmark 基线,Claude,addFile: docs/benchmark.md,success
2026-03-05T06:37:25.206Z,legion_update_tasks,harbor-benchmark,设计并实现一键启动的 Harbor Benchmark 基线,Claude,completeTask: 实现一键 benchmark 启动脚本与配置模板,success
2026-03-05T06:37:27.370Z,legion_update_tasks,harbor-benchmark,设计并实现一键启动的 Harbor Benchmark 基线,Claude,setCurrentTask: 执行测试并生成测试报告,success
2026-03-05T06:39:10.643Z,legion_query_ledger,harbor-benchmark,设计并实现一键启动的 Harbor Benchmark 基线,Claude,"taskId: harbor-benchmark, limit: 200",success
2026-03-05T06:43:59.786Z,legion_get_status,harbor-benchmark,设计并实现一键启动的 Harbor Benchmark 基线,Claude,,success
2026-03-05T06:45:17.714Z,legion_update_tasks,harbor-benchmark,设计并实现一键启动的 Harbor Benchmark 基线,Claude,completeTask: 执行测试并生成测试报告,success
2026-03-05T06:45:20.523Z,legion_update_tasks,harbor-benchmark,设计并实现一键启动的 Harbor Benchmark 基线,Claude,setCurrentTask: 完成代码/安全评审与交付报告,success
2026-03-05T06:45:27.541Z,legion_update_context,harbor-benchmark,设计并实现一键启动的 Harbor Benchmark 基线,Claude,progress.completed: 完成 benchmark 脚本安全加固：run-id 与 write path 防穿越校验,success
2026-03-05T06:45:27.543Z,legion_update_context,harbor-benchmark,设计并实现一键启动的 Harbor Benchmark 基线,Claude,addDecision: 统一使用 resolve+isWithin 路径边界校验并引入 sanitizeRunId,success
2026-03-05T06:47:16.516Z,legion_update_tasks,harbor-benchmark,设计并实现一键启动的 Harbor Benchmark 基线,Claude,completeTask: 完成代码/安全评审与交付报告,success
2026-03-05T06:47:21.864Z,legion_update_context,harbor-benchmark,设计并实现一键启动的 Harbor Benchmark 基线,Claude,progress.completed: 生成 report-walkthrough 与 pr-body 交付文档,success
2026-03-05T06:47:31.785Z,legion_get_status,harbor-benchmark,设计并实现一键启动的 Harbor Benchmark 基线,Claude,,success
2026-03-05T06:48:00.108Z,legion_update_context,harbor-benchmark,设计并实现一键启动的 Harbor Benchmark 基线,Claude,addFile: .legion/playbook.md,success
2026-03-05T08:55:21.149Z,legion_update_context,harbor-benchmark,设计并实现一键启动的 Harbor Benchmark 基线,Claude,addDecision: Preflight 不再硬依赖 OPENAI/ANTHROPIC key，改为“API key 或 opencode model probe 任一通过”,success
2026-03-05T09:17:34.468Z,legion_update_plan,harbor-benchmark,设计并实现一键启动的 Harbor Benchmark 基线,Claude,,success
2026-03-05T09:17:41.582Z,legion_update_context,harbor-benchmark,设计并实现一键启动的 Harbor Benchmark 基线,Claude,progress.completed: 新增 `shell.nix`（nix-darwin）并通过 uv tool run 提供 harbor 命令,success
2026-03-05T09:17:41.599Z,legion_update_context,harbor-benchmark,设计并实现一键启动的 Harbor Benchmark 基线,Claude,addFile: shell.nix,success
2026-03-05T09:17:41.601Z,legion_update_context,harbor-benchmark,设计并实现一键启动的 Harbor Benchmark 基线,Claude,addDecision: 在 shell.nix 内通过 `uv tool run --from harbor harbor` 提供 Harbor CLI,success
2026-03-05T13:54:32.204Z,legion_update_context,harbor-benchmark,设计并实现一键启动的 Harbor Benchmark 基线,Claude,addDecision: 将 Harbor result.json 作为首选统计来源，raw 文本仅作为降级兜底,success
2026-03-11T13:54:33.901Z,legion_list_tasks,harbor-benchmark,设计并实现一键启动的 Harbor Benchmark 基线,Claude,,success
2026-03-11T13:54:46.033Z,legion_get_status,harbor-benchmark,设计并实现一键启动的 Harbor Benchmark 基线,Claude,,success
2026-03-11T13:54:46.033Z,legion_read_context,harbor-benchmark,设计并实现一键启动的 Harbor Benchmark 基线,Claude,"section: all, includeReviews: true",success
